{
    "dt": 0.045,
    "offset": 3,
    "view_range": [
        0.7,
        0.8
    ],
    "sensor_range": [
        400,
        900
    ],
    "actuator_range": [
        0,
        255
    ],
    "sensor_filter": {
        "num": [
            0.4589418031905226,
            0.4589418031905226
        ],
        "den": [
            1.0,
            -0.08211639361895486
        ]
    },
    "Fc": 6.0,
    "ts": 0.324
}