{
    "dt": 0.045,
    "offset": 3,
    "view_range": [
        0.7,
        0.8
    ],
    "sensor_range": [
        400,
        900
    ],
    "actuator_range": [
        0,
        255
    ],
    "sensor_filter": {
        "num": [
            0.3612210092368324,
            0.36122100923683254
        ],
        "den": [
            1.0,
            -0.27755798152633504
        ]
    },
    "Fc": 4.0,
    "ts": 0.432
}