{
    "num": [
        171.3577136171847,
        27.62258131325028,
        -155.82835319581434
    ],
    "den": [
        1.0,
        -0.2109192880696864,
        -0.7890807119303136
    ]
}