{
    "dt": 0.048,
    "offset": 22,
    "view_range": [
        0.7,
        0.8
    ],
    "sensor_range": [
        0,
        0.3
    ],
    "actuator_range": [
        45,
        135
    ],
    "sensor_filter": {
        "num": [
            0.18446880939648136,
            0.1844688093964813
        ],
        "den": [
            1.0,
            -0.6310623812070374
        ]
    },
    "actuator_std": 1.5155531528061452,
    "max_action": 10.0,
    "ts": 7.7184
}