{
    "num": [
        -9.676844597874378,
        104.70508971292278,
        -126.99627079940103
    ],
    "den": [
        1.0,
        -0.1321251200951291,
        -0.8678748799048709
    ]
}